"year","gen","height","rainfall_1","rainfall_2","rainfall_3","rainfall_4","rainfall_5","rainfall_6","srad_1","srad_2","srad_3","srad_4","srad_5","srad_6","sowing_t","temp_1","temp_2","temp_3","temp_4","temp_5","temp_6"
1974,"G01",81,0,0.16,1.59,2.65,1.7,2.21,2.26,2.74,2.57,2.25,2.67,2.36,17,8.36,9.6,12.11,12.13,18.43,13.75
1975,"G01",67.3,1.66,1.84,1.68,0.08,0.02,0.01,1.94,1.85,2.37,3.02,3.15,2.95,21,7.66,11.66,10.06,15.95,16.49,18.34
1976,"G01",71.5,0.8,2.05,0.81,0.4,1.02,1.06,2.01,2.31,2.27,2.96,2.66,2.81,26,7.5,12.13,13.08,17.44,18.88,18.66
1977,"G01",64.3,0.21,3.62,0.36,3.46,0.15,4.65,2.89,2.06,2.98,2.82,2.44,1.89,48,12.72,12.73,17.39,17.43,13.78,13.88
1978,"G01",55.8,0.37,0.66,0.75,6.72,3.32,0.88,1.84,2.29,2.66,1.77,2.03,2.35,35,8.44,16.43,15.63,13.91,14.54,13.81
1979,"G01",84.9,1.35,3.92,1.05,2.22,0.86,2.49,1.63,2.21,2.34,2.4,2.13,2.27,39,8.14,15.13,14.47,14.05,15.83,14.96
1980,"G01",86.2,0.67,3.45,2.75,6.2,1.05,3.6,2.76,1.85,2.25,1.98,2.13,1.79,35,12.57,11.51,17.91,13.9,16.15,14.84
1981,"G01",88,0.23,3.2,4.36,3.01,4.14,0.54,2.33,1.79,2.07,1.71,2.24,2.46,38,14.9,12.81,11.85,13.63,16.4,15.82
1982,"G01",72,2.58,3.29,0.01,2.76,3.31,2.54,1.78,1.72,2.8,2.29,2.13,2.48,27,7.16,10.63,15.83,11.56,13.16,18.91
1974,"G02",72.3,0,0.16,1.59,2.65,1.7,2.21,2.26,2.74,2.57,2.25,2.67,2.36,17,8.36,9.6,12.11,12.13,18.43,13.75
1975,"G02",60.3,1.66,1.84,1.68,0.08,0.02,0.01,1.94,1.85,2.37,3.02,3.15,2.95,21,7.66,11.66,10.06,15.95,16.49,18.34
1976,"G02",60.8,0.8,2.05,0.81,0.4,1.02,1.06,2.01,2.31,2.27,2.96,2.66,2.81,26,7.5,12.13,13.08,17.44,18.88,18.66
1977,"G02",55.3,0.21,3.62,0.36,3.46,0.15,4.65,2.89,2.06,2.98,2.82,2.44,1.89,48,12.72,12.73,17.39,17.43,13.78,13.88
1978,"G02",48.8,0.37,0.66,0.75,6.72,3.32,0.88,1.84,2.29,2.66,1.77,2.03,2.35,35,8.44,16.43,15.63,13.91,14.54,13.81
1979,"G02",78.1,1.35,3.92,1.05,2.22,0.86,2.49,1.63,2.21,2.34,2.4,2.13,2.27,39,8.14,15.13,14.47,14.05,15.83,14.96
1980,"G02",80.4,0.67,3.45,2.75,6.2,1.05,3.6,2.76,1.85,2.25,1.98,2.13,1.79,35,12.57,11.51,17.91,13.9,16.15,14.84
1981,"G02",85.3,0.23,3.2,4.36,3.01,4.14,0.54,2.33,1.79,2.07,1.71,2.24,2.46,38,14.9,12.81,11.85,13.63,16.4,15.82
1982,"G02",69.8,2.58,3.29,0.01,2.76,3.31,2.54,1.78,1.72,2.8,2.29,2.13,2.48,27,7.16,10.63,15.83,11.56,13.16,18.91
1974,"G03",79.3,0,0.16,1.59,2.65,1.7,2.21,2.26,2.74,2.57,2.25,2.67,2.36,17,8.36,9.6,12.11,12.13,18.43,13.75
1975,"G03",67.8,1.66,1.84,1.68,0.08,0.02,0.01,1.94,1.85,2.37,3.02,3.15,2.95,21,7.66,11.66,10.06,15.95,16.49,18.34
1976,"G03",64.8,0.8,2.05,0.81,0.4,1.02,1.06,2.01,2.31,2.27,2.96,2.66,2.81,26,7.5,12.13,13.08,17.44,18.88,18.66
1977,"G03",57.5,0.21,3.62,0.36,3.46,0.15,4.65,2.89,2.06,2.98,2.82,2.44,1.89,48,12.72,12.73,17.39,17.43,13.78,13.88
1978,"G03",46.8,0.37,0.66,0.75,6.72,3.32,0.88,1.84,2.29,2.66,1.77,2.03,2.35,35,8.44,16.43,15.63,13.91,14.54,13.81
1979,"G03",80.2,1.35,3.92,1.05,2.22,0.86,2.49,1.63,2.21,2.34,2.4,2.13,2.27,39,8.14,15.13,14.47,14.05,15.83,14.96
1980,"G03",81.8,0.67,3.45,2.75,6.2,1.05,3.6,2.76,1.85,2.25,1.98,2.13,1.79,35,12.57,11.51,17.91,13.9,16.15,14.84
1981,"G03",87.8,0.23,3.2,4.36,3.01,4.14,0.54,2.33,1.79,2.07,1.71,2.24,2.46,38,14.9,12.81,11.85,13.63,16.4,15.82
1982,"G03",71.8,2.58,3.29,0.01,2.76,3.31,2.54,1.78,1.72,2.8,2.29,2.13,2.48,27,7.16,10.63,15.83,11.56,13.16,18.91
1974,"G04",88.5,0,0.16,1.59,2.65,1.7,2.21,2.26,2.74,2.57,2.25,2.67,2.36,17,8.36,9.6,12.11,12.13,18.43,13.75
1975,"G04",70.8,1.66,1.84,1.68,0.08,0.02,0.01,1.94,1.85,2.37,3.02,3.15,2.95,21,7.66,11.66,10.06,15.95,16.49,18.34
1976,"G04",76.3,0.8,2.05,0.81,0.4,1.02,1.06,2.01,2.31,2.27,2.96,2.66,2.81,26,7.5,12.13,13.08,17.44,18.88,18.66
1977,"G04",69.5,0.21,3.62,0.36,3.46,0.15,4.65,2.89,2.06,2.98,2.82,2.44,1.89,48,12.72,12.73,17.39,17.43,13.78,13.88
1978,"G04",64,0.37,0.66,0.75,6.72,3.32,0.88,1.84,2.29,2.66,1.77,2.03,2.35,35,8.44,16.43,15.63,13.91,14.54,13.81
1979,"G04",90.8,1.35,3.92,1.05,2.22,0.86,2.49,1.63,2.21,2.34,2.4,2.13,2.27,39,8.14,15.13,14.47,14.05,15.83,14.96
1980,"G04",97.3,0.67,3.45,2.75,6.2,1.05,3.6,2.76,1.85,2.25,1.98,2.13,1.79,35,12.57,11.51,17.91,13.9,16.15,14.84
1981,"G04",97.8,0.23,3.2,4.36,3.01,4.14,0.54,2.33,1.79,2.07,1.71,2.24,2.46,38,14.9,12.81,11.85,13.63,16.4,15.82
1982,"G04",86,2.58,3.29,0.01,2.76,3.31,2.54,1.78,1.72,2.8,2.29,2.13,2.48,27,7.16,10.63,15.83,11.56,13.16,18.91
1974,"G05",78.5,0,0.16,1.59,2.65,1.7,2.21,2.26,2.74,2.57,2.25,2.67,2.36,17,8.36,9.6,12.11,12.13,18.43,13.75
1975,"G05",67.5,1.66,1.84,1.68,0.08,0.02,0.01,1.94,1.85,2.37,3.02,3.15,2.95,21,7.66,11.66,10.06,15.95,16.49,18.34
1976,"G05",72.5,0.8,2.05,0.81,0.4,1.02,1.06,2.01,2.31,2.27,2.96,2.66,2.81,26,7.5,12.13,13.08,17.44,18.88,18.66
1977,"G05",61,0.21,3.62,0.36,3.46,0.15,4.65,2.89,2.06,2.98,2.82,2.44,1.89,48,12.72,12.73,17.39,17.43,13.78,13.88
1978,"G05",50.3,0.37,0.66,0.75,6.72,3.32,0.88,1.84,2.29,2.66,1.77,2.03,2.35,35,8.44,16.43,15.63,13.91,14.54,13.81
1979,"G05",78.7,1.35,3.92,1.05,2.22,0.86,2.49,1.63,2.21,2.34,2.4,2.13,2.27,39,8.14,15.13,14.47,14.05,15.83,14.96
1980,"G05",82.7,0.67,3.45,2.75,6.2,1.05,3.6,2.76,1.85,2.25,1.98,2.13,1.79,35,12.57,11.51,17.91,13.9,16.15,14.84
1981,"G05",87.3,0.23,3.2,4.36,3.01,4.14,0.54,2.33,1.79,2.07,1.71,2.24,2.46,38,14.9,12.81,11.85,13.63,16.4,15.82
1982,"G05",66,2.58,3.29,0.01,2.76,3.31,2.54,1.78,1.72,2.8,2.29,2.13,2.48,27,7.16,10.63,15.83,11.56,13.16,18.91
1974,"G06",89.3,0,0.16,1.59,2.65,1.7,2.21,2.26,2.74,2.57,2.25,2.67,2.36,17,8.36,9.6,12.11,12.13,18.43,13.75
1975,"G06",74.5,1.66,1.84,1.68,0.08,0.02,0.01,1.94,1.85,2.37,3.02,3.15,2.95,21,7.66,11.66,10.06,15.95,16.49,18.34
1976,"G06",80.5,0.8,2.05,0.81,0.4,1.02,1.06,2.01,2.31,2.27,2.96,2.66,2.81,26,7.5,12.13,13.08,17.44,18.88,18.66
1977,"G06",67.8,0.21,3.62,0.36,3.46,0.15,4.65,2.89,2.06,2.98,2.82,2.44,1.89,48,12.72,12.73,17.39,17.43,13.78,13.88
1978,"G06",60.8,0.37,0.66,0.75,6.72,3.32,0.88,1.84,2.29,2.66,1.77,2.03,2.35,35,8.44,16.43,15.63,13.91,14.54,13.81
1979,"G06",86.3,1.35,3.92,1.05,2.22,0.86,2.49,1.63,2.21,2.34,2.4,2.13,2.27,39,8.14,15.13,14.47,14.05,15.83,14.96
1980,"G06",90.2,0.67,3.45,2.75,6.2,1.05,3.6,2.76,1.85,2.25,1.98,2.13,1.79,35,12.57,11.51,17.91,13.9,16.15,14.84
1981,"G06",100,0.23,3.2,4.36,3.01,4.14,0.54,2.33,1.79,2.07,1.71,2.24,2.46,38,14.9,12.81,11.85,13.63,16.4,15.82
1982,"G06",81.3,2.58,3.29,0.01,2.76,3.31,2.54,1.78,1.72,2.8,2.29,2.13,2.48,27,7.16,10.63,15.83,11.56,13.16,18.91
1974,"G07",94.3,0,0.16,1.59,2.65,1.7,2.21,2.26,2.74,2.57,2.25,2.67,2.36,17,8.36,9.6,12.11,12.13,18.43,13.75
1975,"G07",73,1.66,1.84,1.68,0.08,0.02,0.01,1.94,1.85,2.37,3.02,3.15,2.95,21,7.66,11.66,10.06,15.95,16.49,18.34
1976,"G07",80.3,0.8,2.05,0.81,0.4,1.02,1.06,2.01,2.31,2.27,2.96,2.66,2.81,26,7.5,12.13,13.08,17.44,18.88,18.66
1977,"G07",68.5,0.21,3.62,0.36,3.46,0.15,4.65,2.89,2.06,2.98,2.82,2.44,1.89,48,12.72,12.73,17.39,17.43,13.78,13.88
1978,"G07",63.8,0.37,0.66,0.75,6.72,3.32,0.88,1.84,2.29,2.66,1.77,2.03,2.35,35,8.44,16.43,15.63,13.91,14.54,13.81
1979,"G07",96,1.35,3.92,1.05,2.22,0.86,2.49,1.63,2.21,2.34,2.4,2.13,2.27,39,8.14,15.13,14.47,14.05,15.83,14.96
1980,"G07",100.7,0.67,3.45,2.75,6.2,1.05,3.6,2.76,1.85,2.25,1.98,2.13,1.79,35,12.57,11.51,17.91,13.9,16.15,14.84
1981,"G07",106.5,0.23,3.2,4.36,3.01,4.14,0.54,2.33,1.79,2.07,1.71,2.24,2.46,38,14.9,12.81,11.85,13.63,16.4,15.82
1982,"G07",85.3,2.58,3.29,0.01,2.76,3.31,2.54,1.78,1.72,2.8,2.29,2.13,2.48,27,7.16,10.63,15.83,11.56,13.16,18.91
1974,"G08",88.8,0,0.16,1.59,2.65,1.7,2.21,2.26,2.74,2.57,2.25,2.67,2.36,17,8.36,9.6,12.11,12.13,18.43,13.75
1975,"G08",63.8,1.66,1.84,1.68,0.08,0.02,0.01,1.94,1.85,2.37,3.02,3.15,2.95,21,7.66,11.66,10.06,15.95,16.49,18.34
1976,"G08",66.8,0.8,2.05,0.81,0.4,1.02,1.06,2.01,2.31,2.27,2.96,2.66,2.81,26,7.5,12.13,13.08,17.44,18.88,18.66
1977,"G08",78.5,0.21,3.62,0.36,3.46,0.15,4.65,2.89,2.06,2.98,2.82,2.44,1.89,48,12.72,12.73,17.39,17.43,13.78,13.88
1978,"G08",70.3,0.37,0.66,0.75,6.72,3.32,0.88,1.84,2.29,2.66,1.77,2.03,2.35,35,8.44,16.43,15.63,13.91,14.54,13.81
1979,"G08",86.1,1.35,3.92,1.05,2.22,0.86,2.49,1.63,2.21,2.34,2.4,2.13,2.27,39,8.14,15.13,14.47,14.05,15.83,14.96
1980,"G08",104.3,0.67,3.45,2.75,6.2,1.05,3.6,2.76,1.85,2.25,1.98,2.13,1.79,35,12.57,11.51,17.91,13.9,16.15,14.84
1981,"G08",102,0.23,3.2,4.36,3.01,4.14,0.54,2.33,1.79,2.07,1.71,2.24,2.46,38,14.9,12.81,11.85,13.63,16.4,15.82
1982,"G08",82.5,2.58,3.29,0.01,2.76,3.31,2.54,1.78,1.72,2.8,2.29,2.13,2.48,27,7.16,10.63,15.83,11.56,13.16,18.91
1974,"G09",91.3,0,0.16,1.59,2.65,1.7,2.21,2.26,2.74,2.57,2.25,2.67,2.36,17,8.36,9.6,12.11,12.13,18.43,13.75
1975,"G09",67,1.66,1.84,1.68,0.08,0.02,0.01,1.94,1.85,2.37,3.02,3.15,2.95,21,7.66,11.66,10.06,15.95,16.49,18.34
1976,"G09",73.8,0.8,2.05,0.81,0.4,1.02,1.06,2.01,2.31,2.27,2.96,2.66,2.81,26,7.5,12.13,13.08,17.44,18.88,18.66
1977,"G09",75.8,0.21,3.62,0.36,3.46,0.15,4.65,2.89,2.06,2.98,2.82,2.44,1.89,48,12.72,12.73,17.39,17.43,13.78,13.88
1978,"G09",71.5,0.37,0.66,0.75,6.72,3.32,0.88,1.84,2.29,2.66,1.77,2.03,2.35,35,8.44,16.43,15.63,13.91,14.54,13.81
1979,"G09",90.5,1.35,3.92,1.05,2.22,0.86,2.49,1.63,2.21,2.34,2.4,2.13,2.27,39,8.14,15.13,14.47,14.05,15.83,14.96
1980,"G09",100.6,0.67,3.45,2.75,6.2,1.05,3.6,2.76,1.85,2.25,1.98,2.13,1.79,35,12.57,11.51,17.91,13.9,16.15,14.84
1981,"G09",102.8,0.23,3.2,4.36,3.01,4.14,0.54,2.33,1.79,2.07,1.71,2.24,2.46,38,14.9,12.81,11.85,13.63,16.4,15.82
1982,"G09",86.3,2.58,3.29,0.01,2.76,3.31,2.54,1.78,1.72,2.8,2.29,2.13,2.48,27,7.16,10.63,15.83,11.56,13.16,18.91
1974,"G10",91.8,0,0.16,1.59,2.65,1.7,2.21,2.26,2.74,2.57,2.25,2.67,2.36,17,8.36,9.6,12.11,12.13,18.43,13.75
1975,"G10",65.5,1.66,1.84,1.68,0.08,0.02,0.01,1.94,1.85,2.37,3.02,3.15,2.95,21,7.66,11.66,10.06,15.95,16.49,18.34
1976,"G10",77,0.8,2.05,0.81,0.4,1.02,1.06,2.01,2.31,2.27,2.96,2.66,2.81,26,7.5,12.13,13.08,17.44,18.88,18.66
1977,"G10",80,0.21,3.62,0.36,3.46,0.15,4.65,2.89,2.06,2.98,2.82,2.44,1.89,48,12.72,12.73,17.39,17.43,13.78,13.88
1978,"G10",73.5,0.37,0.66,0.75,6.72,3.32,0.88,1.84,2.29,2.66,1.77,2.03,2.35,35,8.44,16.43,15.63,13.91,14.54,13.81
1979,"G10",88,1.35,3.92,1.05,2.22,0.86,2.49,1.63,2.21,2.34,2.4,2.13,2.27,39,8.14,15.13,14.47,14.05,15.83,14.96
1980,"G10",104.7,0.67,3.45,2.75,6.2,1.05,3.6,2.76,1.85,2.25,1.98,2.13,1.79,35,12.57,11.51,17.91,13.9,16.15,14.84
1981,"G10",102,0.23,3.2,4.36,3.01,4.14,0.54,2.33,1.79,2.07,1.71,2.24,2.46,38,14.9,12.81,11.85,13.63,16.4,15.82
1982,"G10",87.3,2.58,3.29,0.01,2.76,3.31,2.54,1.78,1.72,2.8,2.29,2.13,2.48,27,7.16,10.63,15.83,11.56,13.16,18.91
1974,"G11",86,0,0.16,1.59,2.65,1.7,2.21,2.26,2.74,2.57,2.25,2.67,2.36,17,8.36,9.6,12.11,12.13,18.43,13.75
1975,"G11",69.8,1.66,1.84,1.68,0.08,0.02,0.01,1.94,1.85,2.37,3.02,3.15,2.95,21,7.66,11.66,10.06,15.95,16.49,18.34
1976,"G11",73.8,0.8,2.05,0.81,0.4,1.02,1.06,2.01,2.31,2.27,2.96,2.66,2.81,26,7.5,12.13,13.08,17.44,18.88,18.66
1977,"G11",77.3,0.21,3.62,0.36,3.46,0.15,4.65,2.89,2.06,2.98,2.82,2.44,1.89,48,12.72,12.73,17.39,17.43,13.78,13.88
1978,"G11",75.5,0.37,0.66,0.75,6.72,3.32,0.88,1.84,2.29,2.66,1.77,2.03,2.35,35,8.44,16.43,15.63,13.91,14.54,13.81
1979,"G11",88.8,1.35,3.92,1.05,2.22,0.86,2.49,1.63,2.21,2.34,2.4,2.13,2.27,39,8.14,15.13,14.47,14.05,15.83,14.96
1980,"G11",106.4,0.67,3.45,2.75,6.2,1.05,3.6,2.76,1.85,2.25,1.98,2.13,1.79,35,12.57,11.51,17.91,13.9,16.15,14.84
1981,"G11",103.8,0.23,3.2,4.36,3.01,4.14,0.54,2.33,1.79,2.07,1.71,2.24,2.46,38,14.9,12.81,11.85,13.63,16.4,15.82
1982,"G11",86.8,2.58,3.29,0.01,2.76,3.31,2.54,1.78,1.72,2.8,2.29,2.13,2.48,27,7.16,10.63,15.83,11.56,13.16,18.91
1974,"G12",91,0,0.16,1.59,2.65,1.7,2.21,2.26,2.74,2.57,2.25,2.67,2.36,17,8.36,9.6,12.11,12.13,18.43,13.75
1975,"G12",71.8,1.66,1.84,1.68,0.08,0.02,0.01,1.94,1.85,2.37,3.02,3.15,2.95,21,7.66,11.66,10.06,15.95,16.49,18.34
1976,"G12",81,0.8,2.05,0.81,0.4,1.02,1.06,2.01,2.31,2.27,2.96,2.66,2.81,26,7.5,12.13,13.08,17.44,18.88,18.66
1977,"G12",65.5,0.21,3.62,0.36,3.46,0.15,4.65,2.89,2.06,2.98,2.82,2.44,1.89,48,12.72,12.73,17.39,17.43,13.78,13.88
1978,"G12",54.5,0.37,0.66,0.75,6.72,3.32,0.88,1.84,2.29,2.66,1.77,2.03,2.35,35,8.44,16.43,15.63,13.91,14.54,13.81
1979,"G12",87.9,1.35,3.92,1.05,2.22,0.86,2.49,1.63,2.21,2.34,2.4,2.13,2.27,39,8.14,15.13,14.47,14.05,15.83,14.96
1980,"G12",84.8,0.67,3.45,2.75,6.2,1.05,3.6,2.76,1.85,2.25,1.98,2.13,1.79,35,12.57,11.51,17.91,13.9,16.15,14.84
1981,"G12",91.8,0.23,3.2,4.36,3.01,4.14,0.54,2.33,1.79,2.07,1.71,2.24,2.46,38,14.9,12.81,11.85,13.63,16.4,15.82
1982,"G12",77.8,2.58,3.29,0.01,2.76,3.31,2.54,1.78,1.72,2.8,2.29,2.13,2.48,27,7.16,10.63,15.83,11.56,13.16,18.91
1974,"G13",75.5,0,0.16,1.59,2.65,1.7,2.21,2.26,2.74,2.57,2.25,2.67,2.36,17,8.36,9.6,12.11,12.13,18.43,13.75
1975,"G13",56.5,1.66,1.84,1.68,0.08,0.02,0.01,1.94,1.85,2.37,3.02,3.15,2.95,21,7.66,11.66,10.06,15.95,16.49,18.34
1976,"G13",67,0.8,2.05,0.81,0.4,1.02,1.06,2.01,2.31,2.27,2.96,2.66,2.81,26,7.5,12.13,13.08,17.44,18.88,18.66
1977,"G13",64.3,0.21,3.62,0.36,3.46,0.15,4.65,2.89,2.06,2.98,2.82,2.44,1.89,48,12.72,12.73,17.39,17.43,13.78,13.88
1978,"G13",58.8,0.37,0.66,0.75,6.72,3.32,0.88,1.84,2.29,2.66,1.77,2.03,2.35,35,8.44,16.43,15.63,13.91,14.54,13.81
1979,"G13",86.7,1.35,3.92,1.05,2.22,0.86,2.49,1.63,2.21,2.34,2.4,2.13,2.27,39,8.14,15.13,14.47,14.05,15.83,14.96
1980,"G13",85.2,0.67,3.45,2.75,6.2,1.05,3.6,2.76,1.85,2.25,1.98,2.13,1.79,35,12.57,11.51,17.91,13.9,16.15,14.84
1981,"G13",91.8,0.23,3.2,4.36,3.01,4.14,0.54,2.33,1.79,2.07,1.71,2.24,2.46,38,14.9,12.81,11.85,13.63,16.4,15.82
1982,"G13",76,2.58,3.29,0.01,2.76,3.31,2.54,1.78,1.72,2.8,2.29,2.13,2.48,27,7.16,10.63,15.83,11.56,13.16,18.91
1974,"G14",96.8,0,0.16,1.59,2.65,1.7,2.21,2.26,2.74,2.57,2.25,2.67,2.36,17,8.36,9.6,12.11,12.13,18.43,13.75
1975,"G14",81.5,1.66,1.84,1.68,0.08,0.02,0.01,1.94,1.85,2.37,3.02,3.15,2.95,21,7.66,11.66,10.06,15.95,16.49,18.34
1976,"G14",86.3,0.8,2.05,0.81,0.4,1.02,1.06,2.01,2.31,2.27,2.96,2.66,2.81,26,7.5,12.13,13.08,17.44,18.88,18.66
1977,"G14",73.3,0.21,3.62,0.36,3.46,0.15,4.65,2.89,2.06,2.98,2.82,2.44,1.89,48,12.72,12.73,17.39,17.43,13.78,13.88
1978,"G14",59.3,0.37,0.66,0.75,6.72,3.32,0.88,1.84,2.29,2.66,1.77,2.03,2.35,35,8.44,16.43,15.63,13.91,14.54,13.81
1979,"G14",97,1.35,3.92,1.05,2.22,0.86,2.49,1.63,2.21,2.34,2.4,2.13,2.27,39,8.14,15.13,14.47,14.05,15.83,14.96
1980,"G14",96.1,0.67,3.45,2.75,6.2,1.05,3.6,2.76,1.85,2.25,1.98,2.13,1.79,35,12.57,11.51,17.91,13.9,16.15,14.84
1981,"G14",95.8,0.23,3.2,4.36,3.01,4.14,0.54,2.33,1.79,2.07,1.71,2.24,2.46,38,14.9,12.81,11.85,13.63,16.4,15.82
1982,"G14",90.3,2.58,3.29,0.01,2.76,3.31,2.54,1.78,1.72,2.8,2.29,2.13,2.48,27,7.16,10.63,15.83,11.56,13.16,18.91
1974,"G15",97,0,0.16,1.59,2.65,1.7,2.21,2.26,2.74,2.57,2.25,2.67,2.36,17,8.36,9.6,12.11,12.13,18.43,13.75
1975,"G15",83.3,1.66,1.84,1.68,0.08,0.02,0.01,1.94,1.85,2.37,3.02,3.15,2.95,21,7.66,11.66,10.06,15.95,16.49,18.34
1976,"G15",86.8,0.8,2.05,0.81,0.4,1.02,1.06,2.01,2.31,2.27,2.96,2.66,2.81,26,7.5,12.13,13.08,17.44,18.88,18.66
1977,"G15",72,0.21,3.62,0.36,3.46,0.15,4.65,2.89,2.06,2.98,2.82,2.44,1.89,48,12.72,12.73,17.39,17.43,13.78,13.88
1978,"G15",49.3,0.37,0.66,0.75,6.72,3.32,0.88,1.84,2.29,2.66,1.77,2.03,2.35,35,8.44,16.43,15.63,13.91,14.54,13.81
1979,"G15",91.3,1.35,3.92,1.05,2.22,0.86,2.49,1.63,2.21,2.34,2.4,2.13,2.27,39,8.14,15.13,14.47,14.05,15.83,14.96
1980,"G15",94.6,0.67,3.45,2.75,6.2,1.05,3.6,2.76,1.85,2.25,1.98,2.13,1.79,35,12.57,11.51,17.91,13.9,16.15,14.84
1981,"G15",95.5,0.23,3.2,4.36,3.01,4.14,0.54,2.33,1.79,2.07,1.71,2.24,2.46,38,14.9,12.81,11.85,13.63,16.4,15.82
1982,"G15",80.8,2.58,3.29,0.01,2.76,3.31,2.54,1.78,1.72,2.8,2.29,2.13,2.48,27,7.16,10.63,15.83,11.56,13.16,18.91
