"A","B","C","D","E","year","GDD_C_day"
0,0,0,0,0,"1",134.590806203539
0,1,0,0,0,"1",151.852056504781
0,0,1,0,0,"1",189.646759016663
0,1,1,0,0,"1",200.74728031179
0,0,0,1,0,"1",111.644908368245
0,1,0,1,0,"1",118.987591481986
0,0,1,1,0,"1",159.397563068191
0,1,1,1,0,"1",167.97185441845
0,0,0,0,0,"1",144.987604207643
0,1,0,0,0,"1",148.563009533079
0,0,1,0,0,"1",191.376953031093
0,1,1,0,0,"1",192.401151448679
0,0,0,1,0,"1",108.602626943153
0,1,0,1,0,"1",115.522192742008
0,0,1,1,0,"1",158.862274529138
0,1,1,1,0,"1",163.859455424148
0,0,0,0,0,"2",150.509039153925
0,1,0,0,0,"2",160.524107153453
0,0,1,0,0,"2",213.595001660249
0,1,1,0,0,"2",214.016263050744
0,0,0,1,0,"2",132.397863369526
0,1,0,1,0,"2",128.757722267242
0,0,1,1,0,"2",171.706164622667
0,1,1,1,0,"2",176.878371296667
0,0,0,0,0,"2",155.276984128036
0,1,0,0,0,"2",162.26438213826
0,0,1,0,0,"2",215.972620548455
0,1,1,0,0,"2",211.003902451563
0,0,0,1,0,"2",131.263647009281
0,1,0,1,0,"2",127.515969993299
0,0,1,1,0,"2",165.932631932352
0,1,1,1,0,"2",178.049736062504
0,0,0,0,0,"1",148.141081862158
0,1,0,0,0,"1",154.500026505263
0,0,1,0,0,"1",198.719466760493
0,1,1,0,0,"1",190.425498403531
0,0,0,1,0,"1",118.611331602556
0,1,0,1,0,"1",113.219259734962
0,0,1,1,0,"1",158.754380514041
0,1,1,1,0,"1",165.692136193125
0,0,0,0,0,"1",142.844254667131
0,1,0,0,0,"1",143.674322649142
0,0,1,0,0,"1",191.842424660054
0,1,1,0,0,"1",199.641790182552
0,0,0,1,0,"1",108.631018419554
0,1,0,1,0,"1",114.073337739579
0,0,1,1,0,"1",161.170122812333
0,1,1,1,0,"1",164.82715710213
0,0,0,0,0,"2",160.084842900604
0,1,0,0,0,"2",163.676036889927
0,0,1,0,0,"2",202.352370288484
0,1,1,0,0,"2",216.74033625995
0,0,0,1,0,"2",127.521340729364
0,1,0,1,0,"2",134.189759547838
0,0,1,1,0,"2",166.429388200815
0,1,1,1,0,"2",181.598955461983
0,0,0,0,0,"2",153.288995575749
0,1,0,0,0,"2",163.484042158479
0,0,1,0,0,"2",202.218337320958
0,1,1,0,0,"2",204.421211549714
0,0,0,1,0,"2",133.449275036891
0,1,0,1,0,"2",129.092686858004
0,0,1,1,0,"2",172.657420020721
0,1,1,1,0,"2",177.793822022964
0,0,0,0,0,"3",161.717298962844
1,0,0,0,0,"3",139.664646071668
0,1,0,0,0,"3",172.440614426729
1,1,0,0,0,"3",134.074132652003
0,0,0,1,0,"3",120.825419822618
1,0,0,1,0,"3",93.3011292592375
0,1,0,1,0,"3",126.792304778796
1,1,0,1,0,"3",112.734716286106
0,0,0,0,1,"3",157.793549856261
1,0,0,0,1,"3",127.485069178622
0,1,0,0,1,"3",160.903801486523
1,1,0,0,1,"3",140.698843134034
0,0,0,1,1,"3",124.89408748071
1,0,0,1,1,"3",95.6871718209042
0,1,0,1,1,"3",126.398651297811
1,1,0,1,1,"3",99.0409419622509
0,0,0,0,0,"3",170.089283611125
1,0,0,0,0,"3",138.749366310636
0,1,0,0,0,"3",175.477346401995
1,1,0,0,0,"3",138.849667249963
0,0,0,1,0,"3",126.582514478951
1,0,0,1,0,"3",96.9688933804464
0,1,0,1,0,"3",132.529251204064
1,1,0,1,0,"3",108.511329176663
0,0,0,0,1,"3",164.925328986394
1,0,0,0,1,"3",134.838807714387
0,1,0,0,1,"3",166.858965603729
1,1,0,0,1,"3",143.051423495138
0,0,0,1,1,"3",130.166846865922
1,0,0,1,1,"3",99.0972552399734
0,1,0,1,1,"3",127.990508386381
1,1,0,1,1,"3",109.181137923976
0,0,0,0,0,"3",159.609597815015
1,0,0,0,0,"3",138.989254092798
0,1,0,0,0,"3",162.877075779111
1,1,0,0,0,"3",133.515284955545
0,0,0,1,0,"3",127.293212009534
1,0,0,1,0,"3",95.5571135638618
0,1,0,1,0,"3",133.243591896368
1,1,0,1,0,"3",96.8849737138947
0,0,0,0,1,"3",149.676891120707
1,0,0,0,1,"3",132.498391736454
0,1,0,0,1,"3",163.515939690167
1,1,0,0,1,"3",138.768921418516
0,0,0,1,1,"3",114.670358885829
1,0,0,1,1,"3",100.678221229974
0,1,0,1,1,"3",133.082795549373
1,1,0,1,1,"3",105.501653659077
0,0,0,0,0,"3",168.872321045784
1,0,0,0,0,"3",147.259537677443
0,1,0,0,0,"3",165.456916173224
1,1,0,0,0,"3",142.032303769205
0,0,0,1,0,"3",133.454305723888
1,0,0,1,0,"3",101.68004685328
0,1,0,1,0,"3",137.703087096507
1,1,0,1,0,"3",113.438421608898
0,0,0,0,1,"3",160.704435079221
1,0,0,0,1,"3",139.040114859004
0,1,0,0,1,"3",171.064239803986
1,1,0,0,1,"3",138.730249031468
0,0,0,1,1,"3",125.418338228052
1,0,0,1,1,"3",106.403983252112
0,1,0,1,1,"3",134.275639913756
1,1,0,1,1,"3",110.934663355559
0,0,0,0,0,"3",155.979222747107
1,0,0,0,0,"3",137.558635516012
0,1,0,0,0,"3",159.529930517439
1,1,0,0,0,"3",141.056298990853
0,0,0,1,0,"3",127.30243722729
1,0,0,1,0,"3",99.6101636607814
0,1,0,1,0,"3",133.661193235312
1,1,0,1,0,"3",105.677535223477
0,0,0,0,1,"3",154.397060354507
1,0,0,0,1,"3",128.971056463384
0,1,0,0,1,"3",163.934338277173
1,1,0,0,1,"3",130.335919243118
0,0,0,1,1,"3",119.502195812164
1,0,0,1,1,"3",104.439017030428
0,1,0,1,1,"3",120.186647261437
1,1,0,1,1,"3",96.7220895301787
0,0,0,0,0,"3",164.98794282215
1,0,0,0,0,"3",138.473421517537
0,1,0,0,0,"3",169.931095019649
1,1,0,0,0,"3",139.89168415888
0,0,0,1,0,"3",128.410452440826
1,0,0,1,0,"3",96.5888291669921
0,1,0,1,0,"3",130.051680382027
1,1,0,1,0,"3",104.703160824914
0,0,0,0,1,"3",154.880006403341
1,0,0,0,1,"3",134.995866218752
0,1,0,0,1,"3",157.667096612527
1,1,0,0,1,"3",133.135082229696
0,0,0,1,1,"3",119.659670291684
1,0,0,1,1,"3",99.3686896444122
0,1,0,1,1,"3",125.727110032363
1,1,0,1,1,"3",105.522004616261
0,0,0,0,0,"4",155.128385476222
1,0,0,0,0,"4",123.615427615491
0,1,0,0,0,"4",158.027957955454
1,1,0,0,0,"4",126.443549837867
0,0,0,1,0,"4",118.525247473206
1,0,0,1,0,"4",84.5147662218324
0,1,0,1,0,"4",121.749070434503
1,1,0,1,0,"4",89.7674411478306
0,0,0,0,1,"4",146.94912679977
1,0,0,0,1,"4",125.457212622083
0,1,0,0,1,"4",156.362143761817
1,1,0,0,1,"4",124.881398122846
0,0,0,1,1,"4",110.949046949814
1,0,0,1,1,"4",83.7685875755186
0,1,0,1,1,"4",116.662926294274
1,1,0,1,1,"4",93.9331004356242
0,0,0,0,0,"4",148.070344283082
1,0,0,0,0,"4",136.724706367495
0,1,0,0,0,"4",158.568868656976
1,1,0,0,0,"4",126.920374893804
0,0,0,1,0,"4",119.772635571057
1,0,0,1,0,"4",90.8422621605446
0,1,0,1,0,"4",122.380568095169
1,1,0,1,0,"4",99.2731764697428
0,0,0,0,1,"4",150.666096685689
1,0,0,0,1,"4",126.938548763935
0,1,0,0,1,"4",153.18868051467
1,1,0,0,1,"4",135.563864484665
0,0,0,1,1,"4",110.092944525031
1,0,0,1,1,"4",89.4770384311384
0,1,0,1,1,"4",123.181060595622
1,1,0,1,1,"4",99.3268657870919
0,0,0,0,0,"4",144.007670312708
1,0,0,0,0,"4",117.83964730888
0,1,0,0,0,"4",161.553664632564
1,1,0,0,0,"4",129.536218785875
0,0,0,1,0,"4",118.256401124405
1,0,0,1,0,"4",85.3141076433847
0,1,0,1,0,"4",128.635206712294
1,1,0,1,0,"4",94.3141236701457
0,0,0,0,1,"4",148.775162260349
1,0,0,0,1,"4",119.631197340063
0,1,0,0,1,"4",156.020124180672
1,1,0,0,1,"4",124.041241743783
0,0,0,1,1,"4",122.019779500552
1,0,0,1,1,"4",92.3717426098175
0,1,0,1,1,"4",110.714960502453
1,1,0,1,1,"4",89.1475212931598
0,0,0,0,0,"4",155.858319779625
1,0,0,0,0,"4",122.184040607723
0,1,0,0,0,"4",157.309759035982
1,1,0,0,0,"4",132.333499901149
0,0,0,1,0,"4",123.997698045428
1,0,0,1,0,"4",95.5430996376041
0,1,0,1,0,"4",125.260956842319
1,1,0,1,0,"4",100.377759463659
0,0,0,0,1,"4",165.124231015702
1,0,0,0,1,"4",131.354423010031
0,1,0,0,1,"4",161.314606418961
1,1,0,0,1,"4",135.325015178241
0,0,0,1,1,"4",117.398762766961
1,0,0,1,1,"4",93.1636685146156
0,1,0,1,1,"4",126.330849362321
1,1,0,1,1,"4",96.3996022159412
0,0,0,0,0,"4",147.776311019794
1,0,0,0,0,"4",124.707064139379
0,1,0,0,0,"4",153.533285883167
1,1,0,0,0,"4",127.53682462754
0,0,0,1,0,"4",114.418879344337
1,0,0,1,0,"4",92.1634227908601
0,1,0,1,0,"4",123.177159756791
1,1,0,1,0,"4",93.1204161702935
0,0,0,0,1,"4",146.060390765691
1,0,0,0,1,"4",124.215085462346
0,1,0,0,1,"4",152.060972814815
1,1,0,0,1,"4",131.210866858133
0,0,0,1,1,"4",112.896071183471
1,0,0,1,1,"4",85.0940866059386
0,1,0,1,1,"4",111.176042458793
1,1,0,1,1,"4",89.3393784919065
0,0,0,0,0,"4",145.679893749044
1,0,0,0,0,"4",132.094901815024
0,1,0,0,0,"4",158.669405846513
1,1,0,0,0,"4",132.025435263391
0,0,0,1,0,"4",117.219605817421
1,0,0,1,0,"4",79.5782623997535
0,1,0,1,0,"4",122.723344385049
1,1,0,1,0,"4",96.023355936163
0,0,0,0,1,"4",143.968873466905
1,0,0,0,1,"4",122.966352902954
0,1,0,0,1,"4",160.836363726881
1,1,0,0,1,"4",127.366048071104
0,0,0,1,1,"4",119.076490574376
1,0,0,1,1,"4",86.4512101396421
0,1,0,1,1,"4",120.773266613306
1,1,0,1,1,"4",101.740088774377
