"year","nitrogen","mu","y"
"2006",0,7.3,6.15526901707898
"2007",0,7.3,13.6485759309475
"2008",0,7.3,9.9551821119518
"2009",0,7.3,8.16765316717394
"2010",0,7.3,6.9132183335453
"2011",0,7.3,12.0808477109044
"2012",0,7.3,7.27055072363716
"2013",0,7.3,7.02870435716185
"2014",0,7.3,6.93596503661697
"2006",50,10.3935,9.24876901707898
"2007",50,10.3935,16.7420759309475
"2008",50,10.3935,13.0486821119518
"2009",50,10.3935,11.2611531671739
"2010",50,10.3935,10.0067183335453
"2011",50,10.3935,15.1743477109044
"2012",50,10.3935,10.3640507236372
"2013",50,10.3935,10.1222043571619
"2014",50,10.3935,10.029465036617
"2006",100,13.487,12.342269017079
"2007",100,13.487,19.8355759309475
"2008",100,13.487,16.1421821119518
"2009",100,13.487,14.3546531671739
"2010",100,13.487,13.1002183335453
"2011",100,13.487,18.2678477109044
"2012",100,13.487,13.4575507236372
"2013",100,13.487,13.2157043571619
"2014",100,13.487,13.122965036617
"2006",150,16.5805,15.435769017079
"2007",150,16.5805,22.9290759309475
"2008",150,16.5805,19.2356821119518
"2009",150,16.5805,17.4481531671739
"2010",150,16.5805,16.1937183335453
"2011",150,16.5805,21.3613477109044
"2012",150,16.5805,16.5510507236372
"2013",150,16.5805,16.3092043571619
"2014",150,16.5805,16.216465036617
"2006",200,16.5805,15.435769017079
"2007",200,16.5805,22.9290759309475
"2008",200,16.5805,19.2356821119518
"2009",200,16.5805,17.4481531671739
"2010",200,16.5805,16.1937183335453
"2011",200,16.5805,21.3613477109044
"2012",200,16.5805,16.5510507236372
"2013",200,16.5805,16.3092043571619
"2014",200,16.5805,16.216465036617
