"year","block","nitrogen","y"
"2015","1",0,9.70599397828764
"2016","1",0,9.99137663287295
"2017","1",0,13.1453845628703
"2018","1",0,9.63898020761257
"2019","1",0,3.643855032392
"2020","1",0,11.6097080460019
"2015","2",0,7.25917813683257
"2016","2",0,7.54456079141788
"2017","2",0,10.6985687214152
"2018","2",0,7.19216436615751
"2019","2",0,1.19703919093693
"2020","2",0,9.16289220454686
"2015","3",0,7.94545696482754
"2016","3",0,8.23083961941285
"2017","3",0,11.3848475494102
"2018","3",0,7.87844319415247
"2019","3",0,1.8833180189319
"2020","3",0,9.84917103254183
"2015","1",100,15.8929939782876
"2016","1",100,16.178376632873
"2017","1",100,19.3323845628703
"2018","1",100,15.8259802076126
"2019","1",100,9.830855032392
"2020","1",100,17.7967080460019
"2015","2",100,13.4461781368326
"2016","2",100,13.7315607914179
"2017","2",100,16.8855687214153
"2018","2",100,13.3791643661575
"2019","2",100,7.38403919093693
"2020","2",100,15.3498922045469
"2015","3",100,14.1324569648275
"2016","3",100,14.4178396194128
"2017","3",100,17.5718475494102
"2018","3",100,14.0654431941525
"2019","3",100,8.0703180189319
"2020","3",100,16.0361710325418
"2015","1",200,18.9864939782876
"2016","1",200,19.271876632873
"2017","1",200,22.4258845628703
"2018","1",200,18.9194802076126
"2019","1",200,12.924355032392
"2020","1",200,20.8902080460019
"2015","2",200,16.5396781368326
"2016","2",200,16.8250607914179
"2017","2",200,19.9790687214152
"2018","2",200,16.4726643661575
"2019","2",200,10.4775391909369
"2020","2",200,18.4433922045469
"2015","3",200,17.2259569648275
"2016","3",200,17.5113396194129
"2017","3",200,20.6653475494102
"2018","3",200,17.1589431941525
"2019","3",200,11.1638180189319
"2020","3",200,19.1296710325418
"2021","1",0,7.84803462349321
"2022","1",0,12.449523115256
"2023","1",0,12.377501403553
"2024","1",0,6.81513070372668
"2025","1",0,10.6158174258632
"2026","1",0,10.0259170976094
"2021","2",0,5.40121878203814
"2022","2",0,10.0027072738009
"2023","2",0,9.93068556209789
"2024","2",0,4.36831486227161
"2025","2",0,8.16900158440809
"2026","2",0,7.57910125615431
"2021","3",0,6.0874976100331
"2022","3",0,10.6889861017959
"2023","3",0,10.6169643900929
"2024","3",0,5.05459369026658
"2025","3",0,8.85528041240305
"2026","3",0,8.26538008414927
"2021","4",0,5.01163858396385
"2022","4",0,9.61312707572661
"2023","4",0,9.5411053640236
"2024","4",0,3.97873466419733
"2025","4",0,7.7794213863338
"2026","4",0,7.18952105808002
"2021","1",50,10.9415346234932
"2022","1",50,15.543023115256
"2023","1",50,15.471001403553
"2024","1",50,9.90863070372668
"2025","1",50,13.7093174258632
"2026","1",50,13.1194170976094
"2021","2",50,8.49471878203814
"2022","2",50,13.0962072738009
"2023","2",50,13.0241855620979
"2024","2",50,7.46181486227161
"2025","2",50,11.2625015844081
"2026","2",50,10.6726012561543
"2021","3",50,9.1809976100331
"2022","3",50,13.7824861017959
"2023","3",50,13.7104643900929
"2024","3",50,8.14809369026658
"2025","3",50,11.9487804124031
"2026","3",50,11.3588800841493
"2021","4",50,8.10513858396386
"2022","4",50,12.7066270757266
"2023","4",50,12.6346053640236
"2024","4",50,7.07223466419733
"2025","4",50,10.8729213863338
"2026","4",50,10.28302105808
"2021","1",100,14.0350346234932
"2022","1",100,18.636523115256
"2023","1",100,18.564501403553
"2024","1",100,13.0021307037267
"2025","1",100,16.8028174258632
"2026","1",100,16.2129170976094
"2021","2",100,11.5882187820381
"2022","2",100,16.1897072738009
"2023","2",100,16.1176855620979
"2024","2",100,10.5553148622716
"2025","2",100,14.3560015844081
"2026","2",100,13.7661012561543
"2021","3",100,12.2744976100331
"2022","3",100,16.8759861017959
"2023","3",100,16.8039643900929
"2024","3",100,11.2415936902666
"2025","3",100,15.0422804124031
"2026","3",100,14.4523800841493
"2021","4",100,11.1986385839639
"2022","4",100,15.8001270757266
"2023","4",100,15.7281053640236
"2024","4",100,10.1657346641973
"2025","4",100,13.9664213863338
"2026","4",100,13.37652105808
"2021","1",150,17.1285346234932
"2022","1",150,21.730023115256
"2023","1",150,21.658001403553
"2024","1",150,16.0956307037267
"2025","1",150,19.8963174258632
"2026","1",150,19.3064170976094
"2021","2",150,14.6817187820381
"2022","2",150,19.2832072738009
"2023","2",150,19.2111855620979
"2024","2",150,13.6488148622716
"2025","2",150,17.4495015844081
"2026","2",150,16.8596012561543
"2021","3",150,15.3679976100331
"2022","3",150,19.9694861017959
"2023","3",150,19.8974643900929
"2024","3",150,14.3350936902666
"2025","3",150,18.1357804124031
"2026","3",150,17.5458800841493
"2021","4",150,14.2921385839639
"2022","4",150,18.8936270757266
"2023","4",150,18.8216053640236
"2024","4",150,13.2592346641973
"2025","4",150,17.0599213863338
"2026","4",150,16.47002105808
"2021","1",200,17.1285346234932
"2022","1",200,21.730023115256
"2023","1",200,21.658001403553
"2024","1",200,16.0956307037267
"2025","1",200,19.8963174258632
"2026","1",200,19.3064170976094
"2021","2",200,14.6817187820381
"2022","2",200,19.2832072738009
"2023","2",200,19.2111855620979
"2024","2",200,13.6488148622716
"2025","2",200,17.4495015844081
"2026","2",200,16.8596012561543
"2021","3",200,15.3679976100331
"2022","3",200,19.9694861017959
"2023","3",200,19.8974643900929
"2024","3",200,14.3350936902666
"2025","3",200,18.1357804124031
"2026","3",200,17.5458800841493
"2021","4",200,14.2921385839639
"2022","4",200,18.8936270757266
"2023","4",200,18.8216053640236
"2024","4",200,13.2592346641973
"2025","4",200,17.0599213863338
"2026","4",200,16.47002105808
